{"inputUnits":[34],"outputUnits":5,"inputs":{"0":{"dtype":"number","min":229.35869064479775,"max":394.2919907002886},"1":{"dtype":"number","min":61.45077056587323,"max":126.9704498231527},"2":{"dtype":"number","min":235.5977724309553,"max":418.84889736510155},"3":{"dtype":"number","min":45.77307152701631,"max":107.74629291735195},"4":{"dtype":"number","min":209.38297978153935,"max":383.7294351380703},"5":{"dtype":"number","min":48.55860303019918,"max":106.68871011417974},"6":{"dtype":"number","min":245.27023464150827,"max":459.9320624725163},"7":{"dtype":"number","min":62.06308688336645,"max":102.39985029135065},"8":{"dtype":"number","min":162.36667298434074,"max":370.5231640910544},"9":{"dtype":"number","min":61.82113454123453,"max":98.0864273874383},"10":{"dtype":"number","min":204.3170820388645,"max":444.2051806830988},"11":{"dtype":"number","min":155.3508168121992,"max":197.53618742290297},"12":{"dtype":"number","min":177.91514450578893,"max":418.33457307276433},"13":{"dtype":"number","min":150.3366588570221,"max":194.1340265404179},"14":{"dtype":"number","min":259.3899603243227,"max":497.79159694619574},"15":{"dtype":"number","min":153.81278411686768,"max":353.16849795930796},"16":{"dtype":"number","min":104.53804566381503,"max":346.7303907011452},"17":{"dtype":"number","min":162.8673489516706,"max":350.98012347899913},"18":{"dtype":"number","min":133.01088686342592,"max":503.1927097610563},"19":{"dtype":"number","min":76.64525320190666,"max":486.27711245888156},"20":{"dtype":"number","min":79.3342099552266,"max":468.17996257462227},"21":{"dtype":"number","min":91.90810294643944,"max":466.39725594027925},"22":{"dtype":"number","min":214.28090651365284,"max":383.2425807186967},"23":{"dtype":"number","min":322.2679096541674,"max":467.13552136634985},"24":{"dtype":"number","min":216.79967214721916,"max":384.1944555092973},"25":{"dtype":"number","min":319.18799288788733,"max":457.87009910300924},"26":{"dtype":"number","min":202.63278864512898,"max":403.20954201979015},"27":{"dtype":"number","min":480.6345435843365,"max":549.1528213233278},"28":{"dtype":"number","min":201.34794670238827,"max":407.0919877139681},"29":{"dtype":"number","min":440.2107639573006,"max":548.4784506636056},"30":{"dtype":"number","min":194.91368224978677,"max":395.8030775044164},"31":{"dtype":"number","min":553.5495792262502,"max":559.8079544573035},"32":{"dtype":"number","min":198.06385746708622,"max":414.61860314679654},"33":{"dtype":"number","min":538.0524096572608,"max":559.9077252244856}},"outputs":{"0":{"dtype":"string","min":0,"max":1,"uniqueValues":["l","r","u","d","n"],"legend":{"l":[1,0,0,0,0],"r":[0,1,0,0,0],"u":[0,0,1,0,0],"d":[0,0,0,1,0],"n":[0,0,0,0,1]}}},"isNormalized":true}